1742872703.552211789,"[5.0, 0.1, 0.0, 0.0, 0.0, 0.0, 1.0]"
1742872703.736816118,"[5.0, 0.1, 0.0, 0.0, 0.0, 0.0, 1.0]"
1742872703.935900309,"[5.0, 0.1, 0.0, 0.0, 0.0, 0.0, 1.0]"
1742872704.133613392,"[5.0, 0.1, 0.0, 0.0, 0.0, 0.0, 1.0]"
1742872704.329685271,"[5.0, 0.1, 0.0, 0.0, 0.0, 0.0, 1.0]"
1742872704.548846416,"[5.0, 0.1, 0.0, 0.0, 0.0, 0.0, 1.0]"
1742872704.740745444,"[5.0, 0.1, 0.0, 0.0, 0.0, 0.0, 1.0]"
1742872704.952411181,"[5.0, 0.1, 0.0, 0.0, 0.0, 0.0, 1.0]"
1742872705.127868562,"[5.0, 0.1, 0.0, 0.0, 0.0, 0.0, 1.0]"
1742872705.352608011,"[5.0, 0.1, 0.0, 0.0, 0.0, 0.0, 1.0]"
1742872705.530472085,"[5.0, 0.1, 0.0, 0.0, 0.0, 0.0, 1.0]"
1742872705.738103984,"[5.0, 0.1, 0.0, 0.0, 0.0, 0.0, 1.0]"
1742872705.938403636,"[5.0, 0.1, 0.0, 0.0, 0.0, 0.0, 1.0]"
1742872706.135395568,"[5.0, 0.1, 0.0, 0.0, 0.0, 0.0, 1.0]"
1742872706.331667230,"[5.0, 0.1, 0.0, 0.0, 0.0, 0.0, 1.0]"
1742872706.528883148,"[5.0, 0.1, 0.0, 0.0, 0.0, 0.0, 1.0]"
1742872706.727468282,"[5.0, 0.1, 0.0, 0.0, 0.0, 0.0, 1.0]"
1742872706.929153561,"[5.0, 0.1, 0.0, 0.0, 0.0, 0.0, 1.0]"
1742872707.150140854,"[5.0, 0.1, 0.0, 0.0, 0.0, 0.0, 1.0]"
1742872707.330302608,"[5.0, 0.1, 0.0, 0.0, 0.0, 0.0, 1.0]"
1742872707.553590944,"[5.0, 0.1, 0.0, 0.0, 0.0, 0.0, 1.0]"
1742872707.749543513,"[5.0, 0.1, 0.0, 0.0, 0.0, 0.0, 1.0]"
1742872707.929878935,"[5.0, 0.1, 0.0, 0.0, 0.0, 0.0, 1.0]"
1742872708.152495910,"[5.0, 0.1, 0.0, 0.0, 0.0, 0.0, 1.0]"
1742872708.348507359,"[5.0, 0.1, 0.0, 0.0, 0.0, 0.0, 1.0]"
1742872708.585606936,"[5.0, 0.1, 0.0, 0.0, 0.0, 0.0, 1.0]"
1742872708.799035176,"[5.0, 0.1, 0.0, 0.0, 0.0, 0.0, 1.0]"
1742872708.935232362,"[5.0, 0.1, 0.0, 0.0, 0.0, 0.0, 1.0]"
1742872709.127991651,"[5.0, 0.1, 0.0, 0.0, 0.0, 0.0, 1.0]"
1742872709.348168139,"[5.0, 0.1, 0.0, 0.0, 0.0, 0.0, 1.0]"
1742872709.528339618,"[5.0, 0.1, 0.0, 0.0, 0.0, 0.0, 1.0]"
1742872709.729592505,"[5.0, 0.1, 0.0, 0.0, 0.0, 0.0, 1.0]"
1742872709.957331175,"[5.0, 0.1, 0.0, 0.0, 0.0, 0.0, 1.0]"
1742872710.138231817,"[5.0, 0.1, 0.0, 0.0, 0.0, 0.0, 1.0]"
1742872710.327674538,"[5.0, 0.1, 0.0, 0.0, 0.0, 0.0, 1.0]"
1742872710.550595019,"[5.0, 0.1, 0.0, 0.0, 0.0, 0.0, 1.0]"
1742872710.732253597,"[5.0, 0.1, 0.0, 0.0, 0.0, 0.0, 1.0]"
1742872710.934153748,"[5.0, 0.1, 0.0, 0.0, 0.0, 0.0, 1.0]"
1742872711.134308244,"[5.0, 0.1, 0.0, 0.0, 0.0, 0.0, 1.0]"
1742872711.327648032,"[5.0, 0.1, 0.0, 0.0, 0.0, 0.0, 1.0]"
1742872711.535525436,"[5.0, 0.1, 0.0, 0.0, 0.0, 0.0, 1.0]"
1742872711.729164393,"[5.0, 0.1, 0.0, 0.0, 0.0, 0.0, 1.0]"
1742872711.930453161,"[5.0, 0.1, 0.0, 0.0, 0.0, 0.0, 1.0]"
1742872712.129071759,"[5.0, 0.1, 0.0, 0.0, 0.0, 0.0, 1.0]"
1742872712.329758176,"[5.0, 0.1, 0.0, 0.0, 0.0, 0.0, 1.0]"
1742872712.528341701,"[5.0, 0.1, 0.0, 0.0, 0.0, 0.0, 1.0]"
1742872712.732651563,"[5.0, 0.1, 0.0, 0.0, 0.0, 0.0, 1.0]"
1742872712.940835458,"[5.0, 0.1, 0.0, 0.0, 0.0, 0.0, 1.0]"
1742872713.128521990,"[5.0, 0.1, 0.0, 0.0, 0.0, 0.0, 1.0]"
1742872713.337087035,"[5.0, 0.1, 0.0, 0.0, 0.0, 0.0, 1.0]"
1742872713.544604321,"[5.0, 0.1, 0.0, 0.0, 0.0, 0.0, 1.0]"
1742872713.735765639,"[5.0, 0.1, 0.0, 0.0, 0.0, 0.0, 1.0]"
1742872713.928801514,"[5.0, 0.1, 0.0, 0.0, 0.0, 0.0, 1.0]"
1742872714.136082725,"[5.0, 0.1, 0.0, 0.0, 0.0, 0.0, 1.0]"
1742872714.330152749,"[5.0, 0.1, 0.0, 0.0, 0.0, 0.0, 1.0]"
1742872714.533404975,"[5.0, 0.1, 0.0, 0.0, 0.0, 0.0, 1.0]"
1742872714.729816518,"[5.0, 0.1, 0.0, 0.0, 0.0, 0.0, 1.0]"
1742872714.930136428,"[5.0, 0.1, 0.0, 0.0, 0.0, 0.0, 1.0]"
1742872715.128299409,"[5.0, 0.1, 0.0, 0.0, 0.0, 0.0, 1.0]"
1742872715.328951833,"[5.0, 0.1, 0.0, 0.0, 0.0, 0.0, 1.0]"
1742872715.527377030,"[5.0, 0.1, 0.0, 0.0, 0.0, 0.0, 1.0]"
1742872715.730714935,"[5.0, 0.1, 0.0, 0.0, 0.0, 0.0, 1.0]"
1742872715.930394476,"[5.0, 0.1, 0.0, 0.0, 0.0, 0.0, 1.0]"
1742872716.136924663,"[5.0, 0.1, 0.0, 0.0, 0.0, 0.0, 1.0]"
1742872716.327673013,"[5.0, 0.1, 0.0, 0.0, 0.0, 0.0, 1.0]"
1742872716.528282904,"[5.0, 0.1, 0.0, 0.0, 0.0, 0.0, 1.0]"
1742872716.729470925,"[5.0, 0.1, 0.0, 0.0, 0.0, 0.0, 1.0]"
1742872716.927575962,"[5.0, 0.1, 0.0, 0.0, 0.0, 0.0, 1.0]"
1742872717.141185882,"[5.0, 0.1, 0.0, 0.0, 0.0, 0.0, 1.0]"
1742872717.329329675,"[5.0, 0.1, 0.0, 0.0, 0.0, 0.0, 1.0]"
1742872717.527843389,"[5.0, 0.1, 0.0, 0.0, 0.0, 0.0, 1.0]"
1742872717.729594588,"[5.0, 0.1, 0.0, 0.0, 0.0, 0.0, 1.0]"
1742872717.934901650,"[5.0, 0.1, 0.0, 0.0, 0.0, 0.0, 1.0]"
1742872718.131647102,"[5.0, 0.1, 0.0, 0.0, 0.0, 0.0, 1.0]"
1742872718.340877203,"[5.0, 0.1, 0.0, 0.0, 0.0, 0.0, 1.0]"
1742872718.529013084,"[5.0, 0.1, 0.0, 0.0, 0.0, 0.0, 1.0]"
1742872718.728523603,"[5.0, 0.1, 0.0, 0.0, 0.0, 0.0, 1.0]"
1742872718.940415101,"[5.0, 0.1, 0.0, 0.0, 0.0, 0.0, 1.0]"
1742872719.128130106,"[5.0, 0.1, 0.0, 0.0, 0.0, 0.0, 1.0]"
1742872719.365969869,"[5.0, 0.1, 0.0, 0.0, 0.0, 0.0, 1.0]"
1742872719.529800715,"[5.0, 0.1, 0.0, 0.0, 0.0, 0.0, 1.0]"
1742872719.728863400,"[5.0, 0.1, 0.0, 0.0, 0.0, 0.0, 1.0]"
1742872719.939626768,"[5.0, 0.1, 0.0, 0.0, 0.0, 0.0, 1.0]"
1742872720.133381535,"[5.0, 0.1, 0.0, 0.0, 0.0, 0.0, 1.0]"
1742872720.329154195,"[5.0, 0.1, 0.0, 0.0, 0.0, 0.0, 1.0]"
1742872720.536201576,"[5.0, 0.1, 0.0, 0.0, 0.0, 0.0, 1.0]"
1742872720.730838268,"[5.0, 0.1, 0.0, 0.0, 0.0, 0.0, 1.0]"
1742872720.931074300,"[5.0, 0.1, 0.0, 0.0, 0.0, 0.0, 1.0]"
1742872721.128093055,"[5.0, 0.1, 0.0, 0.0, 0.0, 0.0, 1.0]"
1742872721.328532007,"[5.0, 0.1, 0.0, 0.0, 0.0, 0.0, 1.0]"
1742872721.528025326,"[5.0, 0.1, 0.0, 0.0, 0.0, 0.0, 1.0]"
1742872721.736095510,"[5.0, 0.1, 0.0, 0.0, 0.0, 0.0, 1.0]"
1742872721.949476905,"[5.0, 0.1, 0.0, 0.0, 0.0, 0.0, 1.0]"
1742872722.128866346,"[5.0, 0.1, 0.0, 0.0, 0.0, 0.0, 1.0]"
1742872722.330694728,"[5.0, 0.1, 0.0, 0.0, 0.0, 0.0, 1.0]"
1742872722.538123824,"[5.0, 0.1, 0.0, 0.0, 0.0, 0.0, 1.0]"
1742872722.732143807,"[5.0, 0.1, 0.0, 0.0, 0.0, 0.0, 1.0]"
1742872722.930586243,"[5.0, 0.1, 0.0, 0.0, 0.0, 0.0, 1.0]"
1742872723.133709470,"[5.0, 0.1, 0.0, 0.0, 0.0, 0.0, 1.0]"
1742872723.334363260,"[5.0, 0.1, 0.0, 0.0, 0.0, 0.0, 1.0]"
1742872723.537905033,"[5.0, 0.1, 0.0, 0.0, 0.0, 0.0, 1.0]"
1742872723.730086168,"[5.0, 0.1, 0.0, 0.0, 0.0, 0.0, 1.0]"
1742872723.952042055,"[5.0, 0.1, 0.0, 0.0, 0.0, 0.0, 1.0]"
1742872724.139495192,"[5.0, 0.1, 0.0, 0.0, 0.0, 0.0, 1.0]"
1742872724.328454217,"[5.0, 0.1, 0.0, 0.0, 0.0, 0.0, 1.0]"
1742872724.541777324,"[5.0, 0.1, 0.0, 0.0, 0.0, 0.0, 1.0]"
1742872724.753097830,"[5.0, 0.1, 0.0, 0.0, 0.0, 0.0, 1.0]"
1742872724.942071688,"[5.0, 0.1, 0.0, 0.0, 0.0, 0.0, 1.0]"
1742872725.129524284,"[5.0, 0.1, 0.0, 0.0, 0.0, 0.0, 1.0]"
1742872725.335479287,"[5.0, 0.1, 0.0, 0.0, 0.0, 0.0, 1.0]"
1742872725.536600583,"[5.0, 0.1, 0.0, 0.0, 0.0, 0.0, 1.0]"
1742872725.728547508,"[5.0, 0.1, 0.0, 0.0, 0.0, 0.0, 1.0]"
1742872725.929813847,"[5.0, 0.1, 0.0, 0.0, 0.0, 0.0, 1.0]"
1742872726.151638777,"[5.0, 0.1, 0.0, 0.0, 0.0, 0.0, 1.0]"
1742872726.332334733,"[5.0, 0.1, 0.0, 0.0, 0.0, 0.0, 1.0]"
1742872726.539937292,"[5.0, 0.1, 0.0, 0.0, 0.0, 0.0, 1.0]"
1742872726.727975018,"[5.0, 0.1, 0.0, 0.0, 0.0, 0.0, 1.0]"
1742872726.928509226,"[5.0, 0.1, 0.0, 0.0, 0.0, 0.0, 1.0]"
1742872727.152719344,"[5.0, 0.1, 0.0, 0.0, 0.0, 0.0, 1.0]"
1742872727.335860696,"[5.0, 0.1, 0.0, 0.0, 0.0, 0.0, 1.0]"
1742872727.573165009,"[5.0, 0.1, 0.0, 0.0, 0.0, 0.0, 1.0]"
1742872727.730033553,"[5.0, 0.1, 0.0, 0.0, 0.0, 0.0, 1.0]"
1742872727.947971326,"[5.0, 0.1, 0.0, 0.0, 0.0, 0.0, 1.0]"
1742872728.127601814,"[5.0, 0.1, 0.0, 0.0, 0.0, 0.0, 1.0]"
1742872728.331417176,"[5.0, 0.1, 0.0, 0.0, 0.0, 0.0, 1.0]"
1742872728.544768160,"[5.0, 0.1, 0.0, 0.0, 0.0, 0.0, 1.0]"
1742872728.802434980,"[5.0, 0.1, 0.0, 0.0, 0.0, 0.0, 1.0]"
1742872728.955325241,"[5.0, 0.1, 0.0, 0.0, 0.0, 0.0, 1.0]"
1742872729.148689222,"[5.0, 0.1, 0.0, 0.0, 0.0, 0.0, 1.0]"
1742872729.340218312,"[5.0, 0.1, 0.0, 0.0, 0.0, 0.0, 1.0]"
1742872729.539789512,"[5.0, 0.1, 0.0, 0.0, 0.0, 0.0, 1.0]"
1742872729.734314003,"[5.0, 0.1, 0.0, 0.0, 0.0, 0.0, 1.0]"
1742872729.934247289,"[5.0, 0.1, 0.0, 0.0, 0.0, 0.0, 1.0]"
1742872730.139075035,"[5.0, 0.1, 0.0, 0.0, 0.0, 0.0, 1.0]"
1742872730.329207863,"[5.0, 0.1, 0.0, 0.0, 0.0, 0.0, 1.0]"
1742872730.546257588,"[5.0, 0.1, 0.0, 0.0, 0.0, 0.0, 1.0]"
1742872730.732692843,"[5.0, 0.1, 0.0, 0.0, 0.0, 0.0, 1.0]"
1742872730.937743298,"[5.0, 0.1, 0.0, 0.0, 0.0, 0.0, 1.0]"
1742872731.139620019,"[5.0, 0.1, 0.0, 0.0, 0.0, 0.0, 1.0]"
1742872731.329616763,"[5.0, 0.1, 0.0, 0.0, 0.0, 0.0, 1.0]"
1742872731.538864462,"[5.0, 0.1, 0.0, 0.0, 0.0, 0.0, 1.0]"
1742872731.752253822,"[5.0, 0.1, 0.0, 0.0, 0.0, 0.0, 1.0]"
1742872731.929439416,"[5.0, 0.1, 0.0, 0.0, 0.0, 0.0, 1.0]"
1742872732.133745490,"[5.0, 0.1, 0.0, 0.0, 0.0, 0.0, 1.0]"
1742872732.331777469,"[5.0, 0.1, 0.0, 0.0, 0.0, 0.0, 1.0]"
1742872732.527985141,"[5.0, 0.1, 0.0, 0.0, 0.0, 0.0, 1.0]"
1742872732.729264565,"[5.0, 0.1, 0.0, 0.0, 0.0, 0.0, 1.0]"
1742872732.929534355,"[5.0, 0.1, 0.0, 0.0, 0.0, 0.0, 1.0]"
1742872733.127781211,"[5.0, 0.1, 0.0, 0.0, 0.0, 0.0, 1.0]"
1742872733.348312590,"[5.0, 0.1, 0.0, 0.0, 0.0, 0.0, 1.0]"
1742872733.529494718,"[5.0, 0.1, 0.0, 0.0, 0.0, 0.0, 1.0]"
1742872733.748610294,"[5.0, 0.1, 0.0, 0.0, 0.0, 0.0, 1.0]"
1742872733.929362667,"[5.0, 0.1, 0.0, 0.0, 0.0, 0.0, 1.0]"
1742872734.134667959,"[5.0, 0.1, 0.0, 0.0, 0.0, 0.0, 1.0]"
1742872734.327957523,"[5.0, 0.1, 0.0, 0.0, 0.0, 0.0, 1.0]"
1742872734.544786912,"[5.0, 0.1, 0.0, 0.0, 0.0, 0.0, 1.0]"
1742872734.735888541,"[5.0, 0.1, 0.0, 0.0, 0.0, 0.0, 1.0]"
1742872734.935774744,"[5.0, 0.1, 0.0, 0.0, 0.0, 0.0, 1.0]"
1742872735.133307136,"[5.0, 0.1, 0.0, 0.0, 0.0, 0.0, 1.0]"
1742872735.338602344,"[5.0, 0.1, 0.0, 0.0, 0.0, 0.0, 1.0]"
1742872735.528195168,"[5.0, 0.1, 0.0, 0.0, 0.0, 0.0, 1.0]"
1742872735.738120791,"[5.0, 0.1, 0.0, 0.0, 0.0, 0.0, 1.0]"
1742872735.942600867,"[5.0, 0.1, 0.0, 0.0, 0.0, 0.0, 1.0]"
1742872736.131560352,"[5.0, 0.1, 0.0, 0.0, 0.0, 0.0, 1.0]"
1742872736.365700098,"[5.0, 0.1, 0.0, 0.0, 0.0, 0.0, 1.0]"
1742872736.529970956,"[5.0, 0.1, 0.0, 0.0, 0.0, 0.0, 1.0]"
1742872736.756577554,"[5.0, 0.1, 0.0, 0.0, 0.0, 0.0, 1.0]"
1742872736.930398702,"[5.0, 0.1, 0.0, 0.0, 0.0, 0.0, 1.0]"
1742872737.133492058,"[5.0, 0.1, 0.0, 0.0, 0.0, 0.0, 1.0]"
1742872737.336843375,"[5.0, 0.1, 0.0, 0.0, 0.0, 0.0, 1.0]"
1742872737.529076096,"[5.0, 0.1, 0.0, 0.0, 0.0, 0.0, 1.0]"
1742872737.728452671,"[5.0, 0.1, 0.0, 0.0, 0.0, 0.0, 1.0]"
1742872737.940707396,"[5.0, 0.1, 0.0, 0.0, 0.0, 0.0, 1.0]"
1742872738.138320497,"[5.0, 0.1, 0.0, 0.0, 0.0, 0.0, 1.0]"
1742872738.337414902,"[5.0, 0.1, 0.0, 0.0, 0.0, 0.0, 1.0]"
1742872738.530541215,"[5.0, 0.1, 0.0, 0.0, 0.0, 0.0, 1.0]"
1742872738.754698876,"[5.0, 0.1, 0.0, 0.0, 0.0, 0.0, 1.0]"
1742872738.929760826,"[5.0, 0.1, 0.0, 0.0, 0.0, 0.0, 1.0]"
1742872739.128549104,"[5.0, 0.1, 0.0, 0.0, 0.0, 0.0, 1.0]"
1742872739.340278825,"[5.0, 0.1, 0.0, 0.0, 0.0, 0.0, 1.0]"
1742872739.532090793,"[5.0, 0.1, 0.0, 0.0, 0.0, 0.0, 1.0]"
1742872739.735218149,"[5.0, 0.1, 0.0, 0.0, 0.0, 0.0, 1.0]"
1742872739.943307506,"[5.0, 0.1, 0.0, 0.0, 0.0, 0.0, 1.0]"
1742872740.133921131,"[5.0, 0.1, 0.0, 0.0, 0.0, 0.0, 1.0]"
1742872740.328165161,"[5.0, 0.1, 0.0, 0.0, 0.0, 0.0, 1.0]"
1742872740.545027010,"[5.0, 0.1, 0.0, 0.0, 0.0, 0.0, 1.0]"
1742872740.730150837,"[5.0, 0.1, 0.0, 0.0, 0.0, 0.0, 1.0]"
1742872740.940049668,"[5.0, 0.1, 0.0, 0.0, 0.0, 0.0, 1.0]"
1742872741.136887679,"[5.0, 0.1, 0.0, 0.0, 0.0, 0.0, 1.0]"
1742872741.328566604,"[5.0, 0.1, 0.0, 0.0, 0.0, 0.0, 1.0]"
1742872741.539319859,"[5.0, 0.1, 0.0, 0.0, 0.0, 0.0, 1.0]"
1742872741.727888425,"[5.0, 0.1, 0.0, 0.0, 0.0, 0.0, 1.0]"
1742872741.943264302,"[5.0, 0.1, 0.0, 0.0, 0.0, 0.0, 1.0]"
1742872742.128836425,"[5.0, 0.1, 0.0, 0.0, 0.0, 0.0, 1.0]"
1742872742.332750663,"[5.0, 0.1, 0.0, 0.0, 0.0, 0.0, 1.0]"
1742872742.546134732,"[5.0, 0.1, 0.0, 0.0, 0.0, 0.0, 1.0]"
1742872742.740814891,"[5.0, 0.1, 0.0, 0.0, 0.0, 0.0, 1.0]"
1742872742.939835837,"[5.0, 0.1, 0.0, 0.0, 0.0, 0.0, 1.0]"
1742872743.134104660,"[5.0, 0.1, 0.0, 0.0, 0.0, 0.0, 1.0]"
1742872743.328885570,"[5.0, 0.1, 0.0, 0.0, 0.0, 0.0, 1.0]"
1742872743.579798834,"[5.0, 0.1, 0.0, 0.0, 0.0, 0.0, 1.0]"
1742872743.743754273,"[5.0, 0.1, 0.0, 0.0, 0.0, 0.0, 1.0]"
1742872743.927985176,"[5.0, 0.1, 0.0, 0.0, 0.0, 0.0, 1.0]"
1742872744.127946672,"[5.0, 0.1, 0.0, 0.0, 0.0, 0.0, 1.0]"
1742872744.327668833,"[5.0, 0.1, 0.0, 0.0, 0.0, 0.0, 1.0]"
1742872744.533411961,"[5.0, 0.1, 0.0, 0.0, 0.0, 0.0, 1.0]"
1742872744.748816422,"[5.0, 0.1, 0.0, 0.0, 0.0, 0.0, 1.0]"
1742872744.932892158,"[5.0, 0.1, 0.0, 0.0, 0.0, 0.0, 1.0]"
1742872745.137664070,"[5.0, 0.1, 0.0, 0.0, 0.0, 0.0, 1.0]"
1742872745.338127070,"[5.0, 0.1, 0.0, 0.0, 0.0, 0.0, 1.0]"
1742872745.529497826,"[5.0, 0.1, 0.0, 0.0, 0.0, 0.0, 1.0]"
1742872745.727559681,"[5.0, 0.1, 0.0, 0.0, 0.0, 0.0, 1.0]"
1742872745.928595394,"[5.0, 0.1, 0.0, 0.0, 0.0, 0.0, 1.0]"
1742872746.138204598,"[5.0, 0.1, 0.0, 0.0, 0.0, 0.0, 1.0]"
1742872746.339498647,"[5.0, 0.1, 0.0, 0.0, 0.0, 0.0, 1.0]"
1742872746.533957304,"[5.0, 0.1, 0.0, 0.0, 0.0, 0.0, 1.0]"
1742872746.745174688,"[5.0, 0.1, 0.0, 0.0, 0.0, 0.0, 1.0]"
1742872746.934845346,"[5.0, 0.1, 0.0, 0.0, 0.0, 0.0, 1.0]"
1742872747.132742199,"[5.0, 0.1, 0.0, 0.0, 0.0, 0.0, 1.0]"
1742872747.348688957,"[5.0, 0.1, 0.0, 0.0, 0.0, 0.0, 1.0]"
1742872747.548720161,"[5.0, 0.1, 0.0, 0.0, 0.0, 0.0, 1.0]"
1742872747.752264980,"[5.0, 0.1, 0.0, 0.0, 0.0, 0.0, 1.0]"
1742872747.950249792,"[5.0, 0.1, 0.0, 0.0, 0.0, 0.0, 1.0]"
1742872748.129909907,"[5.0, 0.1, 0.0, 0.0, 0.0, 0.0, 1.0]"
1742872748.337168632,"[5.0, 0.1, 0.0, 0.0, 0.0, 0.0, 1.0]"
1742872748.528497221,"[5.0, 0.1, 0.0, 0.0, 0.0, 0.0, 1.0]"
1742872748.732338916,"[5.0, 0.1, 0.0, 0.0, 0.0, 0.0, 1.0]"
1742872748.927961209,"[5.0, 0.1, 0.0, 0.0, 0.0, 0.0, 1.0]"
1742872749.139920890,"[5.0, 0.1, 0.0, 0.0, 0.0, 0.0, 1.0]"
1742872749.339907761,"[5.0, 0.1, 0.0, 0.0, 0.0, 0.0, 1.0]"
1742872749.527673028,"[5.0, 0.1, 0.0, 0.0, 0.0, 0.0, 1.0]"
1742872749.730320047,"[5.0, 0.1, 0.0, 0.0, 0.0, 0.0, 1.0]"
1742872749.938316362,"[5.0, 0.1, 0.0, 0.0, 0.0, 0.0, 1.0]"
1742872750.128013562,"[5.0, 0.1, 0.0, 0.0, 0.0, 0.0, 1.0]"
1742872750.335561831,"[5.0, 0.1, 0.0, 0.0, 0.0, 0.0, 1.0]"
1742872750.553700523,"[5.0, 0.1, 0.0, 0.0, 0.0, 0.0, 1.0]"
1742872750.741474791,"[5.0, 0.1, 0.0, 0.0, 0.0, 0.0, 1.0]"
1742872750.931113699,"[5.0, 0.1, 0.0, 0.0, 0.0, 0.0, 1.0]"
1742872751.127435414,"[5.0, 0.1, 0.0, 0.0, 0.0, 0.0, 1.0]"
1742872751.343499630,"[5.0, 0.1, 0.0, 0.0, 0.0, 0.0, 1.0]"
1742872751.539042838,"[5.0, 0.1, 0.0, 0.0, 0.0, 0.0, 1.0]"
1742872751.729126292,"[5.0, 0.1, 0.0, 0.0, 0.0, 0.0, 1.0]"
1742872751.953464079,"[5.0, 0.1, 0.0, 0.0, 0.0, 0.0, 1.0]"
1742872752.158148532,"[5.0, 0.1, 0.0, 0.0, 0.0, 0.0, 1.0]"
1742872752.329022488,"[5.0, 0.1, 0.0, 0.0, 0.0, 0.0, 1.0]"
1742872752.540229330,"[5.0, 0.1, 0.0, 0.0, 0.0, 0.0, 1.0]"
1742872752.729021647,"[5.0, 0.1, 0.0, 0.0, 0.0, 0.0, 1.0]"
1742872752.928951143,"[5.0, 0.1, 0.0, 0.0, 0.0, 0.0, 1.0]"
1742872753.138538930,"[5.0, 0.1, 0.0, 0.0, 0.0, 0.0, 1.0]"
1742872753.348283884,"[5.0, 0.1, 0.0, 0.0, 0.0, 0.0, 1.0]"
1742872753.529199051,"[5.0, 0.1, 0.0, 0.0, 0.0, 0.0, 1.0]"
1742872753.730768602,"[5.0, 0.1, 0.0, 0.0, 0.0, 0.0, 1.0]"
1742872753.940974227,"[5.0, 0.1, 0.0, 0.0, 0.0, 0.0, 1.0]"
1742872754.145038800,"[5.0, 0.1, 0.0, 0.0, 0.0, 0.0, 1.0]"
1742872754.340698259,"[5.0, 0.1, 0.0, 0.0, 0.0, 0.0, 1.0]"
1742872754.529732204,"[5.0, 0.1, 0.0, 0.0, 0.0, 0.0, 1.0]"
1742872754.771895976,"[5.0, 0.1, 0.0, 0.0, 0.0, 0.0, 1.0]"
1742872754.928522228,"[5.0, 0.1, 0.0, 0.0, 0.0, 0.0, 1.0]"
1742872755.131920086,"[5.0, 0.1, 0.0, 0.0, 0.0, 0.0, 1.0]"
1742872755.332873882,"[5.0, 0.1, 0.0, 0.0, 0.0, 0.0, 1.0]"
1742872755.528223297,"[5.0, 0.1, 0.0, 0.0, 0.0, 0.0, 1.0]"
1742872755.737227329,"[5.0, 0.1, 0.0, 0.0, 0.0, 0.0, 1.0]"
1742872755.927732286,"[5.0, 0.1, 0.0, 0.0, 0.0, 0.0, 1.0]"
1742872756.140118721,"[5.0, 0.1, 0.0, 0.0, 0.0, 0.0, 1.0]"
1742872756.329047040,"[5.0, 0.1, 0.0, 0.0, 0.0, 0.0, 1.0]"
1742872756.528305446,"[5.0, 0.1, 0.0, 0.0, 0.0, 0.0, 1.0]"
1742872756.751188513,"[5.0, 0.1, 0.0, 0.0, 0.0, 0.0, 1.0]"
1742872756.934966371,"[5.0, 0.1, 0.0, 0.0, 0.0, 0.0, 1.0]"
1742872757.145102703,"[5.0, 0.1, 0.0, 0.0, 0.0, 0.0, 1.0]"
1742872757.346501337,"[5.0, 0.1, 0.0, 0.0, 0.0, 0.0, 1.0]"
1742872757.561284667,"[5.0, 0.1, 0.0, 0.0, 0.0, 0.0, 1.0]"
1742872757.756575665,"[5.0, 0.1, 0.0, 0.0, 0.0, 0.0, 1.0]"
1742872757.950919405,"[5.0, 0.1, 0.0, 0.0, 0.0, 0.0, 1.0]"
1742872758.139261968,"[5.0, 0.1, 0.0, 0.0, 0.0, 0.0, 1.0]"
1742872758.340311932,"[5.0, 0.1, 0.0, 0.0, 0.0, 0.0, 1.0]"
1742872758.528172075,"[5.0, 0.1, 0.0, 0.0, 0.0, 0.0, 1.0]"
1742872758.746924106,"[5.0, 0.1, 0.0, 0.0, 0.0, 0.0, 1.0]"
1742872758.939737458,"[5.0, 0.1, 0.0, 0.0, 0.0, 0.0, 1.0]"
1742872759.128218147,"[5.0, 0.1, 0.0, 0.0, 0.0, 0.0, 1.0]"
1742872759.354044447,"[5.0, 0.1, 0.0, 0.0, 0.0, 0.0, 1.0]"
1742872759.528201890,"[5.0, 0.1, 0.0, 0.0, 0.0, 0.0, 1.0]"
1742872759.727581881,"[5.0, 0.1, 0.0, 0.0, 0.0, 0.0, 1.0]"
1742872759.938499845,"[5.0, 0.1, 0.0, 0.0, 0.0, 0.0, 1.0]"
1742872760.140555401,"[5.0, 0.1, 0.0, 0.0, 0.0, 0.0, 1.0]"
1742872760.328580503,"[5.0, 0.1, 0.0, 0.0, 0.0, 0.0, 1.0]"
1742872760.534174797,"[5.0, 0.1, 0.0, 0.0, 0.0, 0.0, 1.0]"
1742872760.731702189,"[5.0, 0.1, 0.0, 0.0, 0.0, 0.0, 1.0]"
1742872760.958797125,"[5.0, 0.1, 0.0, 0.0, 0.0, 0.0, 1.0]"
1742872761.144478124,"[5.0, 0.1, 0.0, 0.0, 0.0, 0.0, 1.0]"
1742872761.328448525,"[5.0, 0.1, 0.0, 0.0, 0.0, 0.0, 1.0]"
1742872761.538566900,"[5.0, 0.1, 0.0, 0.0, 0.0, 0.0, 1.0]"
1742872761.728535935,"[5.0, 0.1, 0.0, 0.0, 0.0, 0.0, 1.0]"
1742872761.939389358,"[5.0, 0.1, 0.0, 0.0, 0.0, 0.0, 1.0]"
1742872762.134980566,"[5.0, 0.1, 0.0, 0.0, 0.0, 0.0, 1.0]"
1742872762.331031404,"[5.0, 0.1, 0.0, 0.0, 0.0, 0.0, 1.0]"
1742872762.681102721,"[5.0, 0.1, 0.0, 0.0, 0.0, 0.0, 1.0]"
1742872762.749167260,"[5.0, 0.1, 0.0, 0.0, 0.0, 0.0, 1.0]"
1742872762.950432475,"[5.0, 0.1, 0.0, 0.0, 0.0, 0.0, 1.0]"
1742872763.136198850,"[5.0, 0.1, 0.0, 0.0, 0.0, 0.0, 1.0]"
1742872763.348717703,"[5.0, 0.1, 0.0, 0.0, 0.0, 0.0, 1.0]"
1742872763.586809857,"[5.0, 0.1, 0.0, 0.0, 0.0, 0.0, 1.0]"
1742872763.744655786,"[5.0, 0.1, 0.0, 0.0, 0.0, 0.0, 1.0]"
1742872763.937957892,"[5.0, 0.1, 0.0, 0.0, 0.0, 0.0, 1.0]"
1742872764.136352444,"[5.0, 0.1, 0.0, 0.0, 0.0, 0.0, 1.0]"
1742872764.335164055,"[5.0, 0.1, 0.0, 0.0, 0.0, 0.0, 1.0]"
1742872764.528250687,"[5.0, 0.1, 0.0, 0.0, 0.0, 0.0, 1.0]"
1742872764.727804843,"[5.0, 0.1, 0.0, 0.0, 0.0, 0.0, 1.0]"
1742872764.931969182,"[5.0, 0.1, 0.0, 0.0, 0.0, 0.0, 1.0]"
1742872765.129397415,"[5.0, 0.1, 0.0, 0.0, 0.0, 0.0, 1.0]"
1742872765.333548140,"[5.0, 0.1, 0.0, 0.0, 0.0, 0.0, 1.0]"
1742872765.548014497,"[5.0, 0.1, 0.0, 0.0, 0.0, 0.0, 1.0]"
1742872765.736984150,"[5.0, 0.1, 0.0, 0.0, 0.0, 0.0, 1.0]"
1742872765.932801210,"[5.0, 0.1, 0.0, 0.0, 0.0, 0.0, 1.0]"
1742872766.132970227,"[5.0, 0.1, 0.0, 0.0, 0.0, 0.0, 1.0]"
1742872766.347344006,"[5.0, 0.1, 0.0, 0.0, 0.0, 0.0, 1.0]"
1742872766.551946814,"[5.0, 0.1, 0.0, 0.0, 0.0, 0.0, 1.0]"
1742872766.727852253,"[5.0, 0.1, 0.0, 0.0, 0.0, 0.0, 1.0]"
1742872766.932149268,"[5.0, 0.1, 0.0, 0.0, 0.0, 0.0, 1.0]"
